Comment,Designator,Footprint,LCSC Part #
CMT-8504 5V 100dB,BZ1,MagneticBuzzer_CUI_CMT-8504-100-SMT,C22359707
220uF 16V,"C1,C13",CP_Elec_6.3x7.7,C178534
10uF 25V,"C2,C6,C7,C15,C24",C_0805_2012Metric,C15850
10nF,"C3,C14,C16,C17,C18,C19",C_0603_1608Metric,C57112
22uF 25V,"C4,C10,C11,C12",C_0805_2012Metric,C45783
100nF,"C5,C8,C9,C20,C21,C22,C23",C_0603_1608Metric,C14663
SS34,D1,D_SMA,C8678
RED,D2,LED_0603_1608Metric,C2286
1N4148W,D3,D_SOD-123,C81598
"BATTERY 2S (XT30 male, vertical)",J1,AMASS_XT30UPB-M_1x02_P5.0mm_Vertical,C428721
2.54mm 1x3 male header,"J2,J3,J4",PinHeader_1x03_P2.54mm_Vertical,C49257
ARM PLUG (XT30 female),J5,AMASS_XT30PW-F_1x02_P2.50mm_Horizontal,C2913282
WAGO 2601-3102 (lever),"J6,J7,J8,J9",TerminalBlock_WAGO_2601-3102_1x02_P3.50mm_Vertical,C20252913
microSD (hinged lid),J10,microSD_HC_Molex_47219-2001,C164170
QWIIC (GPS / rangefinder),J11,JST_SH_SM04B-SRSS-TB_1x04-1MP_P1.00mm_Horizontal,C160404
2.2uH,L1,L_Bourns_SRN6045TA,C1332316
AO3400A,"Q1,Q2,Q3,Q4,Q5",SOT-23,C20917
BSS138,"Q6,Q7",SOT-23,C40912
100k,"R1,R4,R6,R7,R12,R15,R16,R19,R20,R23,R24,R27,R28,R31",R_0603_1608Metric,C25803
33k,"R2,R13,R17,R21,R25,R29",R_0603_1608Metric,C4216
1k,R3,R_0603_1608Metric,C21190
18k,R5,R_0603_1608Metric,C25810
220,"R8,R9,R10",R_0603_1608Metric,C22962
47k,R11,R_0603_1608Metric,C25819
100,"R14,R18,R22,R26,R30",R_0603_1608Metric,C22775
4.7k,"R32,R33,R34,R35",R_0603_1608Metric,C23162
10k,"R36,R37,R38,R39,R40",R_0603_1608Metric,C25804
POWER,SW1,SW_CK_JS202011AQN_DPDT_Angled,C221662
AMS1117-3.3,U1,SOT-223-3_TabPin2,C6186
TPS563200,U2,SOT-23-6,C97253
LSM6DSO32,U3,LGA-14_3x2.5mm_P0.5mm_LayoutBorder3x4y,C1864162
MS5607-02BA03,U4,LGA-8_3x5mm_P1.25mm,C97627
74LVC125A,U5,SOIC-14_3.9x8.7mm_P1.27mm,C7661
Nano socket 1x15 female 2.54mm,"A1_S1,A1_S2",PinSocket_1x15_P2.54mm_Vertical,C41417327
