Designator,Mid X,Mid Y,Layer,Rotation
BZ1,100.000mm,-128.000mm,Top,0
C1,86.800mm,-75.100mm,Top,90
C2,90.100mm,-82.200mm,Top,90
C3,87.900mm,-96.400mm,Top,90
C4,72.400mm,-83.200mm,Top,90
C5,74.800mm,-83.200mm,Top,90
C6,115.600mm,-82.400mm,Top,0
C7,115.600mm,-80.400mm,Top,0
C8,115.300mm,-84.200mm,Top,0
C9,114.200mm,-89.500mm,Top,0
C10,125.100mm,-85.800mm,Top,90
C11,125.100mm,-89.400mm,Top,270
C12,120.400mm,-82.600mm,Top,180
C13,128.600mm,-101.000mm,Top,0
C14,87.900mm,-103.000mm,Top,90
C15,75.400mm,-100.000mm,Top,90
C16,111.100mm,-112.700mm,Top,270
C17,101.600mm,-112.700mm,Top,270
C18,92.100mm,-112.700mm,Top,270
C19,82.600mm,-112.700mm,Top,270
C20,100.000mm,-97.450mm,Top,0
C21,100.000mm,-102.550mm,Top,0
C22,93.800mm,-102.400mm,Top,0
C23,120.300mm,-96.400mm,Top,90
C24,120.400mm,-103.900mm,Top,90
D1,85.000mm,-82.000mm,Top,0
D2,93.100mm,-69.800mm,Top,90
D3,92.600mm,-129.000mm,Top,90
J1,83.600mm,-88.000mm,Top,0
J2,120.600mm,-113.200mm,Top,90
J3,124.200mm,-113.200mm,Top,90
J4,127.800mm,-113.200mm,Top,90
J5,77.700mm,-100.000mm,Bottom,90
J6,114.250mm,-117.500mm,Bottom,0
J7,104.750mm,-117.500mm,Bottom,0
J8,95.250mm,-117.500mm,Bottom,0
J9,85.750mm,-117.500mm,Bottom,0
J10,100.000mm,-81.600mm,Top,0
J11,129.600mm,-93.200mm,Top,270
L1,120.400mm,-87.000mm,Top,0
Q1,116.850mm,-113.000mm,Top,90
Q2,107.350mm,-113.000mm,Top,90
Q3,97.850mm,-113.000mm,Top,90
Q4,88.350mm,-113.000mm,Top,90
Q5,91.000mm,-124.800mm,Top,180
Q6,106.400mm,-97.000mm,Top,180
Q7,106.400mm,-102.600mm,Top,180
R1,84.500mm,-96.400mm,Top,90
R2,86.200mm,-96.400mm,Top,90
R3,91.200mm,-69.800mm,Top,90
R4,110.800mm,-83.800mm,Top,270
R5,112.400mm,-83.800mm,Top,90
R6,111.000mm,-89.750mm,Top,0
R7,109.900mm,-87.400mm,Top,90
R8,124.500mm,-106.900mm,Top,90
R9,126.500mm,-106.900mm,Top,90
R10,128.500mm,-106.900mm,Top,90
R11,72.500mm,-100.000mm,Top,90
R12,84.500mm,-103.000mm,Top,90
R13,86.200mm,-103.000mm,Top,90
R14,117.050mm,-109.600mm,Top,180
R15,113.950mm,-109.600mm,Top,180
R16,114.300mm,-112.700mm,Top,90
R17,112.700mm,-112.700mm,Top,270
R18,107.550mm,-109.600mm,Top,180
R19,104.450mm,-109.600mm,Top,180
R20,104.800mm,-112.700mm,Top,90
R21,103.200mm,-112.700mm,Top,270
R22,98.050mm,-109.600mm,Top,180
R23,94.950mm,-109.600mm,Top,180
R24,95.300mm,-112.700mm,Top,90
R25,93.700mm,-112.700mm,Top,270
R26,88.550mm,-109.600mm,Top,180
R27,85.450mm,-109.600mm,Top,180
R28,85.800mm,-112.700mm,Top,90
R29,84.200mm,-112.700mm,Top,270
R30,87.400mm,-128.400mm,Top,90
R31,87.400mm,-124.800mm,Top,90
R32,109.600mm,-95.700mm,Top,90
R33,109.600mm,-99.400mm,Top,90
R34,103.000mm,-96.000mm,Top,90
R35,103.000mm,-104.000mm,Top,90
R36,120.300mm,-100.000mm,Top,90
R37,109.400mm,-72.600mm,Top,90
R38,109.400mm,-75.600mm,Top,90
R39,109.400mm,-78.600mm,Top,90
R40,123.000mm,-97.400mm,Top,90
SW1,99.000mm,-68.500mm,Top,180
U1,73.000mm,-89.500mm,Top,180
U2,113.600mm,-87.000mm,Top,0
U3,100.000mm,-100.000mm,Top,0
U4,93.800mm,-98.400mm,Top,90
U5,115.400mm,-100.000mm,Top,270
A1_S1,104.730mm,-92.390mm,Bottom,0
A1_S2,104.730mm,-107.630mm,Bottom,0
